{
    "Beta Ridge": [
        0.0,
        0.00019189191593615464,
        -1.022624295217264,
        -0.006901137393885035,
        1.2192466715407606,
        0.006722530303891825,
        -0.047264448250525545,
        0.005795522275253367,
        -0.39182951051550846,
        -0.007446077809714549,
        0.01651577126271072
    ],
    "Beta OLS": [
        0.0,
        0.003743616254179492,
        -2.974259013794694,
        0.009690068132212406,
        12.513578817685604,
        -0.07101390585973966,
        -24.09976042766953,
        0.1123518595791014,
        21.557920761875575,
        -0.05446578676086728,
        -7.246972617654553
    ],
    "R2 Ridge": 0.8688669051486893,
    "R2 OLS": 0.9800049876269525,
    "MSE Ridge": 0.009755924657122474,
    "MSE OLS": 0.0014845451832575852
}