{
    "Beta Ridge": [
        0.0,
        0.00021699865911608345,
        -1.0226494710536858,
        -0.006876030428560082,
        1.2192218526637162,
        0.006747644169778825,
        -0.04728990234555156,
        0.005820613135411532,
        -0.3918545606521989,
        -0.007420961736640131,
        0.016490735951564525
    ],
    "Beta OLS": [
        0.0,
        0.004338717657462993,
        -2.9748614593902345,
        0.010285726081634456,
        12.513037582468815,
        -0.0704204568208125,
        -24.10049537008439,
        0.11294929509449694,
        21.557476061181013,
        -0.05387166700362357,
        -7.247625193946671
    ],
    "R2 Ridge": 0.8688723565479857,
    "R2 OLS": 0.9798638841650656,
    "MSE Ridge": 0.009755557664900051,
    "MSE OLS": 0.0014949855074251352
}