{
    "MSE GD Lasso": 0.008353793710590302,
    "R2 GD Lasso": 0.8876018234893229,
    "Beta GD Lasso": [
        0.0,
        -0.004362566802207111,
        -1.2147439684345338,
        -0.0018964490049784618,
        1.941331001340398,
        -0.0060446532136111,
        -0.9495712940909327,
        -0.0027491238153164507,
        -0.005056517430081832,
        -0.003396837968103152,
        0.00878749616075213
    ]
}