{
    "MSE GD Lasso": 0.007936074929453201,
    "R2 GD Lasso": 0.8932660121834779,
    "Beta GD Lasso": [
        0.0,
        -1.5636840762765853e-06,
        -1.2167633518510275,
        -0.0004173822865730421,
        1.9354865062859012,
        -8.389690489318378e-05,
        -0.9497857775430418,
        -9.475705143788188e-05,
        -0.00018366161767900801,
        -0.00022041047684466218,
        4.421877380741245e-05
    ]
}