{
    "MSE GD Lasso": 0.10029331082790165,
    "R2 GD Lasso": -0.3480019063569775,
    "Beta GD Lasso": [
        0.0,
        -0.04831699253569324,
        -1.1818436712501463,
        -0.05746198781279602,
        2.0493095186014045,
        -0.07004803398865628,
        -0.9447748824980935,
        -0.0002423796083964591,
        -5.283715933321331e-06,
        -0.08108210844947186,
        0.10244170249508525
    ]
}