{
    "MSE GD Lasso": 0.007936154830549234,
    "R2 GD Lasso": 0.8932649399507046,
    "Beta GD Lasso": [
        0.0,
        -3.1751243761578815e-05,
        -1.2167708179551648,
        -0.0004138530540155606,
        1.9354840776970064,
        -6.068332322358756e-05,
        -0.9497965299450405,
        -3.772664026763716e-05,
        -0.0001553129744321554,
        -0.00028257262155051763,
        3.519553626784028e-05
    ]
}