{
    "MSE GD Lasso": 0.007935236216839241,
    "R2 GD Lasso": 0.8932771867908823,
    "Beta GD Lasso": [
        0.0,
        -6.551824161474595e-06,
        -1.2167249439031531,
        -0.0005083371938264564,
        1.9354479975862398,
        -6.048659779782765e-05,
        -0.94970815716536,
        -2.986766178476317e-05,
        -6.765319103970495e-06,
        -0.00022962148671456983,
        -1.4401589237693973e-06
    ]
}