{
    "Beta Ridge": [
        0.0,
        -0.05096239701632302,
        -0.9714700752792097,
        -0.0580554262484764,
        1.2704012485215177,
        -0.04443175166704563,
        0.0038894935255577717,
        -0.0453587826904332,
        -0.3406751647889743,
        -0.05860035754190289,
        0.06767013179906349
    ],
    "Beta OLS": [
        0.0,
        -0.04742119570389386,
        -2.9231015459219893,
        -0.041474187453292816,
        12.564797495602152,
        -0.12218037036121962,
        -24.048735455560273,
        0.06118938154246867,
        21.609235973636444,
        -0.10563158050918442,
        -7.195865280033833
    ],
    "R2 Ridge": -0.37209131819408325,
    "R2 OLS": -0.24278558954982699,
    "MSE Ridge": 0.10201309005678538,
    "MSE OLS": 0.0931552876294208
}