{
    "MSE GD Lasso": 0.11852301333784303,
    "R2 GD Lasso": -0.5602829348121219,
    "Beta GD Lasso": [
        0.0,
        0.054519100809759656,
        -1.2851842502726234,
        0.022686244300371177,
        1.9251384449358213,
        0.008183642992192475,
        -0.9111574268770043,
        0.021657809393498755,
        -0.1087888328333082,
        0.052344366651063776,
        -0.1275765562279948
    ],
    "MSE GD OLS": 0.012081920512245794,
    "R2 GD OLS": 0.8395942218334782,
    "Beta GD OLS": [
        0.0,
        -0.004422460272199238,
        -2.936635483716815,
        0.21998189668371362,
        12.259312322176925,
        -0.2167682324309197,
        -23.739906066738023,
        0.16026398970970784,
        21.4396163949284,
        -0.06576343218420712,
        -7.25623321030676
    ],
    "MSE GD Ridge": 0.36413125928611406,
    "R2 GD Ridge": -3.7975577192891343,
    "Beta GD Ridge": [
        0.0,
        0.053908521417756726,
        -1.0499219787755727,
        0.22694851735418675,
        1.2404914245449021,
        -0.04981652522580926,
        0.06094299907012427,
        0.09186162481025001,
        -0.2667700145608122,
        0.22493201773510582,
        0.017788125860836626
    ]
}