{
    "MSE GD Lasso": 0.04134056586779405,
    "R2 GD Lasso": 0.447693749420948,
    "Beta GD Lasso": [
        0.0,
        0.036333357698029894,
        -1.1980170802331143,
        0.048332483732259686,
        1.8938532478970413,
        0.03536947080694827,
        -0.984119370815082,
        0.026154958041532,
        -0.10820222024131004,
        0.02127051223150368,
        0.02720053819179495
    ],
    "MSE GD OLS": 0.43819229748147154,
    "R2 GD OLS": -4.7162103249144325,
    "Beta GD OLS": [
        0.0,
        0.0481178254996467,
        -2.997994122207601,
        0.06328425646768393,
        12.315163036581628,
        0.06438067562646806,
        -24.199653650999704,
        0.19998767776616447,
        21.39493408208432,
        0.127753974465615,
        -7.378726243186348
    ],
    "MSE GD Ridge": 0.056230677949028626,
    "R2 GD Ridge": 0.24253545535699939,
    "Beta GD Ridge": [
        0.0,
        -0.05990633369204644,
        -0.9569731733938428,
        -0.06029726806997388,
        1.2547492958903157,
        -0.026113896815812505,
        -0.01948476108483782,
        -0.003057505062432863,
        -0.3596999013696635,
        0.009403376647594157,
        0.056473579408082286
    ]
}