{
    "MSE GD Lasso": 0.011331973266679625,
    "R2 GD Lasso": 0.8495472165168063,
    "Beta GD Lasso": [
        0.0,
        6.008561485773904e-07,
        -0.7360471271770522,
        1.9030633312113254e-07,
        0.47800932946200203,
        -5.751440346327718e-08,
        0.29933701728672696,
        -1.0222032641422777e-07,
        -0.009552552987323918,
        -0.00010752275331149114,
        -0.24217796671160133
    ],
    "MSE GD OLS": 0.011088811368303818,
    "R2 GD OLS": 0.8527779915205987,
    "Beta GD OLS": [
        0.0,
        -0.000440448960140773,
        -0.7617107386956695,
        0.0021764841345902424,
        0.5017493059664032,
        -0.0004861647686101511,
        0.32814536593069427,
        -0.0015280804677695254,
        -0.0018262407099646277,
        -0.0005101592967431195,
        -0.2799665847595293
    ],
    "MSE GD Ridge": 0.011285833028256165,
    "R2 GD Ridge": 0.8501606053725665,
    "Beta GD Ridge": [
        0.0,
        -0.00029907738311991136,
        -0.7398928088848739,
        0.001599871740973505,
        0.47470578646184697,
        9.122127524128958e-05,
        0.3153892070112585,
        -0.0011051370369781802,
        0.002349108939690432,
        -0.0009223806265617798,
        -0.2639477224863839
    ]
}