{
    "MSE GD Lasso": 0.008732403716334425,
    "R2 GD Lasso": 0.8840608825903667,
    "Beta GD Lasso": [
        0.0,
        0.023718083326147815,
        -1.1654980841897713,
        -0.0896047016811926,
        1.8363036564752786,
        0.051799590564401685,
        -0.7985475091399065,
        0.014353008508827904,
        -0.2938533403513157,
        0.007866069738315606,
        0.163866545773619
    ],
    "MSE GD OLS": 0.010255434443650256,
    "R2 GD OLS": 0.8642256172898259,
    "Beta GD OLS": [
        0.0,
        0.1014378122065255,
        -3.268561899794681,
        -1.0898391802171128,
        15.501014673982144,
        3.422809499748266,
        -32.12097803012072,
        -4.401670675746979,
        30.377703450949696,
        1.9133899207320255,
        -10.737401894071375
    ],
    "MSE GD Ridge": 0.011300545287658576,
    "R2 GD Ridge": 0.849973816769186,
    "Beta GD Ridge": [
        0.0,
        0.03599909949992641,
        -0.9909752173220703,
        0.03272938388074316,
        1.0744649177655412,
        -0.13860455898636256,
        -0.004186389044249898,
        -0.053148075579784224,
        -0.16670444495351897,
        0.15665190793024003,
        -0.17036350497219876
    ]
}