{
    "MSE GD Lasso": 0.010587090019651826,
    "R2 GD Lasso": 0.8594417592689789,
    "Beta GD Lasso": [
        0.0,
        7.771745683857902e-07,
        -0.8209742523645097,
        8.123555016804039e-07,
        0.6102917958338788,
        6.611657371912797e-07,
        0.3116823288190841,
        3.251029176807884e-07,
        -0.02587907179510331,
        -0.0006213609245850267,
        -0.2930091769890055
    ],
    "MSE GD OLS": 0.010521229260240844,
    "R2 GD OLS": 0.8603198173781904,
    "Beta GD OLS": [
        0.0,
        4.585333117619672e-05,
        -0.8559738072283881,
        0.000711011068419123,
        0.6439202567544824,
        0.00047645187400488894,
        0.3585355883603085,
        -0.0010858830504948739,
        -0.03943046751624788,
        -0.0014814945456266648,
        -0.32886365401433204
    ],
    "MSE GD Ridge": 0.010632194203567424,
    "R2 GD Ridge": 0.8588434765844091,
    "Beta GD Ridge": [
        0.0,
        0.0004596993487956303,
        -0.8194189096514494,
        -0.0009896111680502083,
        0.5956040091115518,
        0.002119418150679168,
        0.33944949538847846,
        -0.0002925807396185203,
        -0.030496411380118733,
        -0.002407641390366017,
        -0.3035770847948425
    ]
}