{
    "Beta Ridge": [
        0.0,
        0.00021437285934575867,
        -1.0226468452194888,
        -0.006878656217922419,
        1.219224478491299,
        0.0067450183813099135,
        -0.04728727651926399,
        0.00581798734573122,
        -0.3918519348256143,
        -0.00742358752820883,
        0.016493361779059745
    ],
    "Beta OLS": [
        0.0,
        0.0037845005574301685,
        -2.9743072423348837,
        0.009731508975501514,
        12.51359179953092,
        -0.07097467392739358,
        -24.099941153028617,
        0.11239507798959764,
        21.55803027824811,
        -0.05442588410739317,
        -7.2470709768880015
    ],
    "R2 Ridge": 0.8688718153835356,
    "R2 OLS": 0.9800059441048328,
    "MSE Ridge": 0.009755593889671099,
    "MSE OLS": 0.0014844716177567874
}