{
    "MSE GD Lasso": 0.007935349500569516,
    "R2 GD Lasso": 0.8932756476237397,
    "Beta GD Lasso": [
        0.0,
        3.156206034488916e-07,
        -1.2167249233252622,
        -0.0005649168729518685,
        1.9354369698568943,
        -1.5317504426911851e-06,
        -0.9497047169925135,
        -1.731553533736467e-06,
        -2.3366979265277625e-07,
        -0.00027475268537438237,
        2.002246771420413e-06
    ]
}