{
    "Beta Ridge": [
        0.0,
        0.00019189184741469944,
        -1.0226237862896057,
        -0.006901144995566606,
        1.2192444897891375,
        0.006722524745580949,
        -0.047261611531322544,
        0.005795562497402212,
        -0.3918303375835902,
        -0.007446107013273577,
        0.016515435199890995
    ],
    "Beta OLS": [
        0.0,
        0.0037485707759569937,
        -2.9735477603804314,
        0.00964382499435215,
        12.50831940519664,
        -0.07085582478464361,
        -24.086127451316777,
        0.11213943889110092,
        21.54324896466732,
        -0.054368896021839135,
        -7.241373582414051
    ],
    "R2 Ridge": 0.8688668204969766,
    "R2 OLS": 0.9800068691929409,
    "MSE Ridge": 0.009755930977492997,
    "MSE OLS": 0.0014844050649363589
}