{
    "Beta Ridge": [
        0.0,
        -0.004808107010490378,
        -1.0176243652850359,
        -0.011901136242576193,
        1.2242469585156426,
        0.001722538338733778,
        -0.04226479648033932,
        0.0007955073153867141,
        -0.386829454794679,
        -0.01244606753601495,
        0.021515841793147916
    ],
    "Beta OLS": [
        0.0,
        -0.00125643651041373,
        -2.9692663051278223,
        0.004690571741068683,
        12.518632736499141,
        -0.07601561117040614,
        -24.094900214988133,
        0.10735414073973609,
        21.563071214694666,
        -0.05946682131731115,
        -7.242030039323377
    ],
    "R2 Ridge": 0.855978969899131,
    "R2 OLS": 0.9680245144006304,
    "MSE Ridge": 0.010707072948244595,
    "MSE OLS": 0.0023747134340582495
}