{
    "MSE GD Lasso": 0.009393607473463355,
    "R2 GD Lasso": 0.8737303488225683,
    "Beta GD Lasso": [
        0.0,
        -0.0004082054655880481,
        -1.0850777525840158,
        -0.000575797484447579,
        1.3501017472228656,
        -0.0003330404492032105,
        -0.10538979132053394,
        -0.0002375122925996095,
        -0.39424394990476586,
        -0.0002443818960492757,
        -0.0001021500905930007
    ],
    "MSE GD OLS": 0.00790543585565678,
    "R2 GD OLS": 0.8936694629200577,
    "Beta GD OLS": [
        0.0,
        0.004693676207507344,
        -1.2119128040782359,
        -0.016053493753579118,
        1.7826910689874962,
        0.0121261464709515,
        -0.3931768232963293,
        0.011789050471185423,
        -0.7052087649694563,
        -0.014002880470388437,
        0.2947657455254524
    ],
    "MSE GD Ridge": 0.010079863822402946,
    "R2 GD Ridge": 0.8645308831714662,
    "Beta GD Ridge": [
        0.0,
        -0.00022144256085888814,
        -0.9991344054455219,
        -0.006539810924306836,
        1.1317923371340002,
        0.0069298708773941915,
        0.021189680982744683,
        0.0056918842504574815,
        -0.33892234799981485,
        -0.007328847360809201,
        -0.040285517009133555
    ]
}