{
    "MSE GD Lasso": 0.009313853142163547,
    "R2 GD Lasso": 0.8747619889316359,
    "Beta GD Lasso": [
        0.0,
        -0.00231249958591097,
        -1.1922143194506725,
        0.012686926598474708,
        1.63392987779883,
        0.00912296951294325,
        -0.486147077546355,
        -0.004496874483909284,
        -0.26878400668014873,
        -0.013565413491784906,
        0.08761167094636667
    ],
    "MSE GD OLS": 0.0034020824948612673,
    "R2 GD OLS": 0.9541791283759,
    "Beta GD OLS": [
        0.0,
        -0.0018095672727947644,
        -3.009206084004058,
        -0.057894086295920064,
        12.999086698820562,
        -0.08573756167043574,
        -25.686891958534627,
        0.2173000680765407,
        23.691647220841602,
        -0.09489299623316773,
        -8.218235786847103
    ],
    "MSE GD Ridge": 0.01749971150747832,
    "R2 GD Ridge": 0.7646073642028023,
    "Beta GD Ridge": [
        0.0,
        0.01572337201686391,
        -1.0820715974652377,
        -0.0242634629472827,
        1.1093692550409338,
        0.05128044652273618,
        -0.00547690593204234,
        0.018129636365612933,
        -0.3136157544712152,
        -0.09693795819750321,
        0.015823427138557864
    ]
}