{
    "Beta Ridge": [
        0.0,
        0.00019188712581393188,
        -1.0226236570302898,
        -0.006901137172528444,
        1.219244311140072,
        0.00672254380203807,
        -0.04726190196732406,
        0.005795510345058015,
        -0.39182974089018463,
        -0.007446076797704913,
        0.01651518678103866
    ],
    "Beta OLS": [
        0.0,
        0.0037442378298487952,
        -2.9741257065111157,
        0.009684151360056405,
        12.512598735828194,
        -0.07099263024735575,
        -24.097229641921587,
        0.11232215016909296,
        21.55520457598185,
        -0.054451843788802495,
        -7.245938205108964
    ],
    "R2 Ridge": 0.8688668041923406,
    "R2 OLS": 0.980005351916389,
    "MSE Ridge": 0.009755932193597897,
    "MSE OLS": 0.0014845180569028782
}