{
    "MSE": 0.009931854710884884,
    "R2": 0.8665146819730404,
    "Beta": [
        0.0,
        -0.0004064940426136358,
        -1.0075900189833351,
        -0.0,
        1.1644450326755493,
        -0.0,
        -0.0,
        -0.0,
        -0.38199763740081655,
        -0.0,
        -0.0
    ]
}