{
    "MSE GD Lasso": 0.007935647615323806,
    "R2 GD Lasso": 0.8932715756804516,
    "Beta GD Lasso": [
        0.0,
        -1.1112974770539606e-05,
        -1.2167264326784866,
        -0.0005515742489294622,
        1.9354432470058933,
        -1.577843759004731e-05,
        -0.9497090067406061,
        -1.95245519241782e-05,
        -1.7373407026528274e-05,
        -0.0002730177722926159,
        1.5360135170107206e-05
    ]
}