{
    "MSE GD Lasso": 0.008647651527696799,
    "R2 GD Lasso": 0.8837785702656817,
    "Beta GD Lasso": [
        0.0,
        0.0059878418426469356,
        -1.2233716114929927,
        0.00013867337339440976,
        1.9370499749676835,
        0.007657331760413734,
        -0.9594372643816949,
        0.009762945019418646,
        -0.009949408525942185,
        1.9386625905653404e-05,
        4.393520838404108e-05
    ]
}