{
    "MSE GD Lasso": 0.007959630651241063,
    "R2 GD Lasso": 0.8929437432944295,
    "Beta GD Lasso": [
        0.0,
        -0.0007954224509534851,
        -1.2174552925860398,
        -0.0008847451783269599,
        1.936483223197644,
        0.0009591898595305802,
        -0.9489753894921111,
        -0.0005962042159737499,
        -0.0012552424251226514,
        -0.001784636899030501,
        0.00039787221234577683
    ]
}