{
    "MSE GD Lasso": 0.007935440271519616,
    "R2 GD Lasso": 0.8932744293428048,
    "Beta GD Lasso": [
        0.0,
        -1.3335933392968868e-05,
        -1.2167262683256521,
        -0.0005411031743440496,
        1.9354447141136413,
        -1.177042499301154e-05,
        -0.9497090986773027,
        -1.5707219452249915e-05,
        -1.1848556319086906e-05,
        -0.0002656427096085261,
        -2.4818535110508554e-06
    ]
}