{
    "MSE GD Lasso": 0.01387925761386048,
    "R2 GD Lasso": 0.8136112368995749,
    "Beta GD Lasso": [
        0.0,
        -0.0010557273436218294,
        -0.7240464807685784,
        3.2714360697975273e-06,
        0.46277442943878305,
        5.686746077024476e-06,
        0.2945079231348425,
        8.682920753754302e-06,
        -0.008687866734318745,
        1.3097379674757115e-05,
        -0.23598069943441566
    ],
    "MSE GD OLS": 0.013481469136331992,
    "R2 GD OLS": 0.8189617695489504,
    "Beta GD OLS": [
        0.0,
        -0.0057670511172146326,
        -0.7484267272911755,
        0.0068753422410192215,
        0.4848277515946934,
        -0.001418700128854798,
        0.32268864256414653,
        -0.0029497000931142455,
        0.0007337646504324979,
        0.0014063667195170096,
        -0.27446839836742287
    ],
    "MSE GD Ridge": 0.013804182505921796,
    "R2 GD Ridge": 0.814627997075275,
    "Beta GD Ridge": [
        0.0,
        -0.005866330210380597,
        -0.7283320646076559,
        0.0037159252533611685,
        0.4602897864402585,
        0.003963375429581367,
        0.3098087578698957,
        0.0004895239239145502,
        0.004023853577914099,
        -0.0038489684860873417,
        -0.25854480730540363
    ]
}