{
    "MSE GD Lasso": 0.012637818005049466,
    "R2 GD Lasso": 0.8302766120747471,
    "Beta GD Lasso": [
        0.0,
        -0.0013850538609023934,
        -0.8049449137682884,
        -5.2292606411726e-05,
        0.5893533037542,
        -2.78902000869091e-05,
        0.308219682656734,
        -2.1788941177284548e-05,
        -0.025115513361992973,
        -1.7734930103195658e-05,
        -0.286193750306449
    ],
    "MSE GD OLS": 0.012308260764546138,
    "R2 GD OLS": 0.8347050733398249,
    "Beta GD OLS": [
        0.0,
        -0.0016303896366859972,
        -0.8382796770854881,
        -0.006699236978564295,
        0.622757371611467,
        0.010806589253517266,
        0.35004509796143396,
        0.00496425753317978,
        -0.03652481198178529,
        -0.009529608921611598,
        -0.3211143108360979
    ],
    "MSE GD Ridge": 0.012657346736828466,
    "R2 GD Ridge": 0.8300191493235124,
    "Beta GD Ridge": [
        0.0,
        -0.004664124303269908,
        -0.8043650140472937,
        0.0037857807612071584,
        0.5771934684308183,
        0.001865033505979869,
        0.33351867159692444,
        -0.0016884094397487752,
        -0.028022525766963388,
        -0.0013064879260795133,
        -0.2979446647188703
    ]
}