{
    "MSE GD Lasso": 0.015661681167338876,
    "R2 GD Lasso": 0.7892532596502582,
    "Beta GD Lasso": [
        0.0,
        0.021385003149129757,
        -1.1747555010222448,
        -0.014868606675660615,
        1.928340496425406,
        -0.009811426975116116,
        -0.8029019808754558,
        0.0028091777236204877,
        -0.13219289479446275,
        0.009550847207108883,
        0.042533965889318556
    ],
    "MSE GD OLS": 0.025607435536306147,
    "R2 GD OLS": 0.6554148838047796,
    "Beta GD OLS": [
        0.0,
        0.039255484199281335,
        -2.9942538972764536,
        0.13246596672928077,
        12.797578351280587,
        -0.11795986210604648,
        -25.291415576675703,
        0.1269002134759748,
        23.232598696513275,
        -0.010356359993084764,
        -8.044184274997988
    ],
    "MSE GD Ridge": 0.020221932760799092,
    "R2 GD Ridge": 0.7277653067577401,
    "Beta GD Ridge": [
        0.0,
        -0.05627975292840312,
        -1.0157444956564023,
        -0.0031630405539147016,
        1.2092697990001062,
        0.003983837499133546,
        -0.002389798252129553,
        -0.008177651187459061,
        -0.3662649378763554,
        -0.038844719365964,
        -0.05670138167772385
    ]
}