{
    "MSE GD Lasso": 0.007935177537664118,
    "R2 GD Lasso": 0.8932779672450609,
    "Beta GD Lasso": [
        0.0,
        5.867539155757938e-07,
        -1.2167294077739637,
        -0.000489667916969538,
        1.935446728277114,
        -7.92736279541813e-05,
        -0.9497137424202291,
        -4.895177611338068e-05,
        -1.2402682859699718e-05,
        -0.0002141036328938588,
        1.989797544064324e-05
    ]
}