{
    "MSE GD Lasso": 0.007934752821654723,
    "R2 GD Lasso": 0.893283644201314,
    "Beta GD Lasso": [
        0.0,
        6.122115984269381e-06,
        -1.2167530976264094,
        -0.0004101013835598881,
        1.9355229964336684,
        -0.00010960157455158461,
        -0.9497760492667825,
        -4.374056106441886e-05,
        -0.00011683586435625657,
        -0.0002588129974878167,
        0.00012367578594948552
    ]
}