{
    "Beta Ridge": [
        0.0,
        0.00019189174499049095,
        -1.0226243120620442,
        -0.006901137118454834,
        1.2192467188969929,
        0.006722534165132657,
        -0.04726443039512344,
        0.005795513216369382,
        -0.3918296423609835,
        -0.00744607257720698,
        0.01651585489244081
    ],
    "Beta OLS": [
        0.0,
        0.0037436134107980074,
        -2.9742589752125244,
        0.00969009393473268,
        12.513578543809217,
        -0.0710139824106774,
        -24.09975973778958,
        0.11235194986909053,
        21.557920035148197,
        -0.054465823545659126,
        -7.246972344915645
    ],
    "R2 Ridge": 0.8688669087299332,
    "R2 OLS": 0.9800049877260462,
    "MSE Ridge": 0.00975592438969502,
    "MSE OLS": 0.0014845451758879675
}