{
    "Beta Ridge": [
        0.0,
        -0.06374769873338502,
        -0.9586847735621562,
        -0.07084072796543554,
        1.283186550238546,
        -0.057217053384141986,
        0.016674795242574647,
        -0.05814408440759786,
        -0.32788986307187146,
        -0.07138565925883529,
        0.08045543351607862
    ],
    "Beta OLS": [
        0.0,
        -0.06021238550211461,
        -2.9103103561003847,
        -0.054265377253225014,
        12.577588685229145,
        -0.13497156015443562,
        -24.035944265318015,
        0.04839819173719176,
        21.62202716295747,
        -0.11842277030445204,
        -7.183074090053369
    ],
    "R2 Ridge": -1.062125660959472,
    "R2 OLS": -0.9210478175198278,
    "MSE Ridge": 0.15364594029016035,
    "MSE OLS": 0.14466790335975832
}