{
    "MSE GD Lasso": 0.06700834447518494,
    "R2 GD Lasso": 0.10181174696347595,
    "Beta GD Lasso": [
        0.0,
        -0.06109149820068997,
        -3.292919094267275,
        -0.8015955926119547,
        8.898245473205492,
        2.7099729755824433,
        -8.438579378378467,
        -3.884721906861105,
        0.8816361656909573,
        2.1857937105746132,
        1.5872470809612225
    ],
    "MSE GD OLS": 0.11489694852781421,
    "R2 GD OLS": -0.5075180556184553,
    "Beta GD OLS": [
        0.0,
        -1.3400228885540288,
        -4.894082713273917,
        4.3216211781118545,
        19.798361620001298,
        -5.9265121192928865,
        -33.4146337649946,
        5.136742684438886,
        25.521709066570256,
        -2.3969016914113963,
        -7.300068637480278
    ],
    "MSE GD Ridge": 0.16262036219586815,
    "R2 GD Ridge": -1.1775154195999065,
    "Beta GD Ridge": [
        0.0,
        0.11202038284456806,
        -1.2520163098003192,
        0.3786921390444581,
        0.6354346202730361,
        -0.848208248207579,
        -0.05114099821894873,
        0.08818122588081764,
        -0.2213106830262569,
        0.373775821175515,
        0.6981480662051682
    ]
}