{
  "mse": 0.011225272915837565,
  "r2": 0.8633282806494224
}