{
  "mse": 0.009401130854663993,
  "r2": 0.8854476385034126
}