{
  "mse": 0.009560599695058961,
  "r2": 0.883496959194617
}