{
  "mse": 0.010764538048472256,
  "r2": 0.8708364069995744
}