{
  "mse": 0.011136116672581626,
  "r2": 0.8666133139653888
}