{
  "mse": 0.034235245010798165,
  "r2": 0.6785122539259052
}