{
  "mse": 0.011049828568476965,
  "r2": 0.8661610462439043
}