{
  "mse": 0.010093170729280171,
  "r2": 0.877066480215223
}