{
  "mse": 0.009364430509303854,
  "r2": 0.8858942538946581
}