{
  "mse": 0.009589568120116574,
  "r2": 0.883153871935872
}