{
  "mse": 0.010136033668166495,
  "r2": 0.8772918718443664
}