{
  "mse": 0.017765003043256004,
  "r2": 0.7838827649018022
}