{
  "mse": 0.009672920834231742,
  "r2": 0.8821238814062425
}