{
  "mse": 0.00947054714649288,
  "r2": 0.884605236299536
}