{
  "mse": 0.009370275269385123,
  "r2": 0.8858239098736672
}