{
  "mse": 0.009861487143472484,
  "r2": 0.8802308670839053
}