{
  "mse": 0.029440765031976065,
  "r2": 0.7105359034592138
}