{
  "mse": 0.02260516220854157,
  "r2": 0.7620794216007972
}