{
  "mse": 0.009620522717177067,
  "r2": 0.8827750363566891
}