{
  "mse": 0.009651041883564929,
  "r2": 0.8825325343558426
}