{
  "mse": 0.019958609178403582,
  "r2": 0.7841266692240475
}