{
  "mse": 0.009425809235790925,
  "r2": 0.8851446744512326
}