{
  "mse": 0.009559322081448109,
  "r2": 0.8835234659607542
}