{
  "mse": 0.00980201823611613,
  "r2": 0.8807568118902891
}