{
  "mse": 0.017243860575374956,
  "r2": 0.807725289044633
}