{
  "mse": 0.01183202499932961,
  "r2": 0.8562150985094625
}