{
  "mse": 0.01091221798424382,
  "r2": 0.869103089375968
}