{
  "mse": 0.013957845634732373,
  "r2": 0.8380390367257018
}