{
  "mse": 0.02177745024279322,
  "r2": 0.7689501348574588
}