{
  "mse": 0.009564848875913155,
  "r2": 0.8834470025593197
}