{
  "mse": 0.00955370224944959,
  "r2": 0.8837669119786453
}