{
  "mse": 0.009561560551354242,
  "r2": 0.8834841604911011
}