{
  "mse": 0.00961072100632704,
  "r2": 0.8830714095217289
}