{
  "mse": 0.010070934921866379,
  "r2": 0.8774305883304946
}