{
  "mse": 0.009887540369247511,
  "r2": 0.8795319041638417
}