{
  "mse": 0.009382646237484528,
  "r2": 0.8856754709746097
}