{
  "mse": 0.013977872610918797,
  "r2": 0.8301553757678783
}