{
  "mse": 0.00963895152084071,
  "r2": 0.8825370142935633
}