{
  "mse": 0.012631248595107687,
  "r2": 0.8462470050341946
}