{
  "mse": 0.010305109498020121,
  "r2": 0.8744928695614811
}