{
  "mse": 0.010673268320536486,
  "r2": 0.8701765445854113
}