{
  "mse": 0.009948510166206652,
  "r2": 0.8788809427978905
}