{
  "mse": 0.011644395996773733,
  "r2": 0.8587277850130554
}