{
  "mse": 0.010975094308561558,
  "r2": 0.8471780118227936
}