{
    "Beta Ridge": [
        0.0,
        0.00019189193567601363,
        -1.0226243416425698,
        -0.0069011376855408705,
        1.219246844399549,
        0.006722537481338226,
        -0.04726459083554174,
        0.005795507617091212,
        -0.39182959982066823,
        -0.007446069517367488,
        0.016515876625276954
    ],
    "Beta OLS": [
        0.0,
        0.003743612982776254,
        -2.9742589349709174,
        0.009690095718155227,
        12.51357825070454,
        -0.07101398767861349,
        -24.099758983320513,
        0.11235195453236133,
        21.55791922903642,
        -0.0544658252953573,
        -7.246972038726005
    ],
    "R2 Ridge": 0.8688669136814877,
    "R2 OLS": 0.9800049878265542,
    "MSE Ridge": 0.009755924020089264,
    "MSE OLS": 0.00148454516841589
}