{
    "MSE GD Lasso": 0.007934224673617768,
    "R2 GD Lasso": 0.8932906495136685,
    "Beta GD Lasso": [
        0.0,
        -7.579118986579876e-06,
        -1.2167030846338545,
        -0.0003686432142692227,
        1.9355862931051278,
        -0.00010522317553242808,
        -0.9497071977549111,
        -9.74198272709431e-05,
        -0.00014487145068311472,
        -0.00024650286376486547,
        4.154809855088024e-05
    ]
}