{
    "MSE GD Lasso": 0.008175634013665483,
    "R2 GD Lasso": 0.890008803673024,
    "Beta GD Lasso": [
        0.0,
        -0.0019686212688348036,
        -1.2151914258171466,
        -0.005081743000340648,
        1.9416761708546162,
        -0.0009740127169182416,
        -0.950608594996406,
        -0.0010151574399707404,
        -0.0071357044065668345,
        -0.00467197294463048,
        0.009794331031379052
    ]
}