{
    "MSE GD Lasso": 0.15194912075588932,
    "R2 GD Lasso": -1.0370909751652015,
    "Beta GD Lasso": [
        0.0,
        -0.061521093850558164,
        -1.172988513033155,
        -0.0665938523649862,
        2.077655588854887,
        -0.0938320619566176,
        -0.9433010642988167,
        -0.00018037629367531616,
        -0.00014972091194054293,
        -0.09910543534766424,
        0.12788293320760588
    ]
}