{
    "Beta Ridge": [
        0.0,
        0.06413148238728161,
        -1.0865639548463215,
        0.057038453440879114,
        1.1553073687890139,
        0.07066212805573946,
        -0.11120438623342127,
        0.06973509701006675,
        -0.4557690445326862,
        0.0564935221176424,
        -0.04742374791364207
    ],
    "Beta OLS": [
        0.0,
        0.06769951015622243,
        -3.038222251909106,
        0.07364651869002099,
        12.44967678914512,
        -0.007059664173976715,
        -24.163856161081288,
        0.17631008768864384,
        21.49411526668961,
        0.009489125611556418,
        -7.3109859859181165
    ],
    "R2 Ridge": -0.9954764087413248,
    "R2 OLS": -0.9257448551256127,
    "MSE Ridge": 0.1516689537128309,
    "MSE OLS": 0.14425048549778854
}