{
    "MSE GD Lasso": 14.82022105350011,
    "R2 GD Lasso": -167.38507989381998,
    "Beta GD Lasso": [
        0.0,
        0.47112312125099587,
        -0.5879686388347747,
        0.8508302064052469,
        2.001916132618904,
        0.30718158462090794,
        0.34418783042344525,
        0.5639418977748016,
        0.3389409108629446,
        0.3015498344355907,
        0.4545469329387346
    ],
    "MSE GD OLS": 0.9371191468708926,
    "R2 GD OLS": -10.66638843371981,
    "Beta GD OLS": [
        0.0,
        0.023707718598169024,
        -2.8604560955087783,
        0.194764831526951,
        11.660620179566655,
        0.7467085349820624,
        -21.653568278995966,
        -0.5805718086150754,
        18.84023101945157,
        0.6531981752944355,
        -6.296246280857176
    ],
    "MSE GD Ridge": 0.490705612375676,
    "R2 GD Ridge": -5.3419023415426565,
    "Beta GD Ridge": [
        0.0,
        -0.0707763780821034,
        -0.9023025979732171,
        0.23702780268758666,
        0.9025698600575163,
        0.47475452581995586,
        -0.3430316398063484,
        -0.29946770761571717,
        -0.3745554761932131,
        0.07137316574891345,
        -0.1606909911215189
    ]
}