{
    "MSE GD Lasso": 0.01888055341267186,
    "R2 GD Lasso": 0.746437706350397,
    "Beta GD Lasso": [
        0.0,
        -0.09312037241022532,
        -1.1508255691063045,
        0.15807821562323512,
        1.5911447226463458,
        -0.015970333797400867,
        -0.6212787621256894,
        -0.049073959545689286,
        -0.08309628344444492,
        -3.0399779463521903e-05,
        -0.06382692256609562
    ],
    "MSE GD OLS": 0.004551946353780506,
    "R2 GD OLS": 0.9386814008148571,
    "Beta GD OLS": [
        0.0,
        0.20488811898208376,
        -3.2778014277535528,
        -1.2740362362502922,
        15.418296002532793,
        3.551992270975773,
        -32.093782278310826,
        -4.3889434175295055,
        30.426552597608325,
        1.9015644760221826,
        -10.74429969806979
    ],
    "MSE GD Ridge": 0.028368686222391925,
    "R2 GD Ridge": 0.6207881576758889,
    "Beta GD Ridge": [
        0.0,
        0.08484041103559846,
        -1.0435166608444055,
        0.07311213374688844,
        1.3037081417137666,
        -0.0151355276688417,
        -0.23743563610765855,
        -0.2261494347506306,
        -0.12854987904942725,
        0.25167522994902664,
        -0.15246093385293738
    ]
}