{
    "MSE GD Lasso": 0.013901044020342122,
    "R2 GD Lasso": 0.8133188130154931,
    "Beta GD Lasso": [
        0.0,
        -0.0010281558846026015,
        -0.7229623452558868,
        5.602343547016938e-07,
        0.4618942815290802,
        3.3511404531033034e-06,
        0.29297309493666956,
        1.4276951746007006e-05,
        -0.008740130965341871,
        1.8948301259268046e-05,
        -0.23468404857861117
    ],
    "MSE GD OLS": 0.013470444942618677,
    "R2 GD OLS": 0.8191096404544187,
    "Beta GD OLS": [
        0.0,
        -0.005250260089043954,
        -0.7490423139545536,
        0.003996780917228046,
        0.48711385421615483,
        0.0020742183106107702,
        0.32099597884949077,
        -0.0006001978671856321,
        -0.0009484684871432543,
        -0.0018491161346750806,
        -0.27283590206803693
    ],
    "MSE GD Ridge": 0.013828406386372775,
    "R2 GD Ridge": 0.8143024904396763,
    "Beta GD Ridge": [
        0.0,
        -0.0052038576926437975,
        -0.7267248663241457,
        0.0031065237958033936,
        0.4586023028311021,
        0.0027957919738717907,
        0.3084310775032653,
        -6.589933733505201e-05,
        0.004145923513665394,
        -0.0022155461599794356,
        -0.25695355927711155
    ]
}