{
    "MSE GD Lasso": 0.01262056973799782,
    "R2 GD Lasso": 0.8305095383403167,
    "Beta GD Lasso": [
        0.0,
        -0.0012264317887528478,
        -0.8063827274299705,
        -1.7091244528601944e-06,
        0.5916051175039018,
        -1.2075528876239096e-06,
        0.3075887318648565,
        -1.0114339241650626e-06,
        -0.024514884148129735,
        -1.0905613103454588e-06,
        -0.2873384626314229
    ],
    "MSE GD OLS": 0.012285719326575469,
    "R2 GD OLS": 0.8350078144836346,
    "Beta GD OLS": [
        0.0,
        -0.003667291071662497,
        -0.8404407804906248,
        0.0015835393529427398,
        0.6256752482907703,
        0.0028202240415284557,
        0.3515493803644155,
        -0.00034750526378640685,
        -0.03686250489651018,
        -0.0027022266298681818,
        -0.3229305174687946
    ],
    "MSE GD Ridge": 0.012625390738191997,
    "R2 GD Ridge": 0.8304471649420873,
    "Beta GD Ridge": [
        0.0,
        -0.0037097625249268703,
        -0.8071087931980752,
        0.0008373450770385664,
        0.5807127619763579,
        0.003650681686734321,
        0.3350794767423046,
        0.0005907416956507202,
        -0.02796178736650748,
        -0.003473083603471032,
        -0.3004820539652221
    ]
}